{
  "PresetView" : {
    "frame" : {
      "y" : "0",
      "width" : "screen_width",
      "height" : "screen_height",
      "userInteractionEnabled" : "NO",
      "x" : "0"
    },
    "order" : [
      "container",
      "clockcontainer"
    ],
    "type" : "UIView",
    "children" : {
      "container" : {
        "boxShadow" : {
          "y" : "3",
          "radius" : "3",
          "x" : "0",
          "color" : "rgba(0, 0, 0, 0.00)"
        },
        "frame" : {
          "y" : "500",
          "x" : "center",
          "width" : "300",
          "height" : "100"
        },
        "hideWhenPlaying" : "NO",
        "borderWidth" : "0",
        "backgroundColor" : "rgba(255, 255, 255, 0.00)",
        "showWhenPlaying" : "NO",
        "children" : {
          "album art3" : {
            "pauseImage" : "none",
            "frame" : {
              "y" : "0",
              "x" : "0",
              "width" : "300",
              "height" : "100"
            },
            "isAlbumArt" : "yes",
            "contentMode" : "scaleToFill",
            "animation" : "none",
            "cornerRadius" : "15",
            "imageURL" : "noartwork.png",
            "type" : "UIImageView",
            "actions" : "none",
            "imageFolder" : "none"
          },
          "elapsed" : {
            "gradientImage" : "none",
            "frame" : {
              "y" : "0",
              "x" : "0",
              "width" : "280",
              "height" : "100"
            },
            "backColor" : "rgba(0, 0, 0, 0.00)",
            "type" : "ElapsedBar",
            "innerColor" : "rgba(255, 255, 255, 0.76)",
            "radius" : "15"
          },
          "album art2" : {
            "pauseImage" : "none",
            "frame" : {
              "y" : "0",
              "x" : "200",
              "width" : "100",
              "height" : "100"
            },
            "isAlbumArt" : "yes",
            "contentMode" : "scaleAspectFit",
            "animation" : "none",
            "cornerRadius" : "20",
            "imageURL" : "noartwork.png",
            "type" : "UIImageView",
            "actions" : "none",
            "imageFolder" : "none"
          },
          "album_art" : {
            "pauseImage" : "none",
            "frame" : {
              "y" : "0",
              "x" : "0",
              "width" : "100",
              "height" : "100"
            },
            "isAlbumArt" : "yes",
            "contentMode" : "scaleAspectFit",
            "animation" : "none",
            "cornerRadius" : "15",
            "imageURL" : "noartwork.png",
            "type" : "UIImageView",
            "actions" : "none",
            "imageFolder" : "none"
          },
          "title-artist" : {
            "borderColor" : "rgba(255,255,255,1)",
            "textStyle" : "none",
            "animationSpeed" : "20",
            "textAlignment" : "NSTextAlignmentCenter",
            "frame" : {
              "y" : "100",
              "x" : "0",
              "width" : "300",
              "height" : "30"
            },
            "kerning" : "0",
            "backgroundColor" : "rgba(255,255,255,0)",
            "textColor" : "rgba(255,255,255,1.0)",
            "type" : "MarqueeLabel",
            "fadeEdgesAmount" : "20",
            "numberOfLines" : "1",
            "data" : "[musicTitle] - [musicArtist]",
            "borderWidth" : "0",
            "gradientImage" : "none",
            "fontSize" : "20",
            "fontName" : "Nunito-Bold.ttf",
            "textShadow" : {
              "y" : "3",
              "radius" : "3",
              "x" : "0",
              "color" : "rgba(0,0,0,0)"
            },
            "animationDelay" : "3"
          },
          "blur" : {
            "boxShadow" : {
              "y" : "3",
              "radius" : "3",
              "x" : "0",
              "color" : "rgba(0,0,0,0)"
            },
            "frame" : {
              "y" : "0",
              "x" : "0",
              "width" : "300",
              "height" : "100"
            },
            "hideWhenPlaying" : "NO",
            "borderWidth" : "0",
            "backgroundColor" : "rgba(255, 255, 255, 0.00)",
            "showWhenPlaying" : "NO",
            "blurAlpha" : "1",
            "cornerRadius" : "15",
            "type" : "UIView",
            "childorder" : "none",
            "rotate" : "0",
            "blurIntensity" : "15",
            "alpha" : "1",
            "scale" : "0",
            "gradientImage" : "none",
            "borderColor" : "rgba(255,255,255,0)",
            "userInteraction" : "YES",
            "actions" : "none",
            "animation" : "none",
            "blurColor" : "dark2"
          },
          "playcontainer" : {
            "boxShadow" : {
              "y" : "3",
              "radius" : "3",
              "x" : "0",
              "color" : "rgba(0, 0, 0, 0.88)"
            },
            "frame" : {
              "y" : "25",
              "x" : "100",
              "width" : "100",
              "height" : "50"
            },
            "hideWhenPlaying" : "NO",
            "borderWidth" : "0",
            "backgroundColor" : "rgba(255, 255, 255, 0.00)",
            "showWhenPlaying" : "NO",
            "children" : {
              "icon1" : {
                "pauseImage" : "pausec.PNG",
                "frame" : {
                  "y" : "0",
                  "x" : "0",
                  "width" : "100",
                  "height" : "view_height"
                },
                "isAlbumArt" : "0",
                "contentMode" : "scaleAspectFit",
                "animation" : "none",
                "cornerRadius" : "0",
                "imageURL" : "play.png",
                "type" : "UIImageView",
                "actions" : "none",
                "imageFolder" : "none"
              }
            },
            "blurAlpha" : "0",
            "cornerRadius" : "50",
            "type" : "UIView",
            "childorder" : "icon1",
            "rotate" : "0",
            "blurIntensity" : "10",
            "alpha" : ".2",
            "scale" : "0",
            "gradientImage" : "none",
            "borderColor" : "rgba(255,255,255,0)",
            "userInteraction" : "YES",
            "actions" : "playMusic",
            "animation" : "none",
            "blurColor" : "dark"
          },
          "prevcontainer" : {
            "boxShadow" : {
              "y" : "3",
              "radius" : "3",
              "x" : "0",
              "color" : "rgba(0, 0, 0, 0.88)"
            },
            "frame" : {
              "y" : "25",
              "x" : "25",
              "width" : "100",
              "height" : "50"
            },
            "hideWhenPlaying" : "NO",
            "borderWidth" : "0",
            "backgroundColor" : "rgba(255, 255, 255, 0.00)",
            "showWhenPlaying" : "NO",
            "children" : {
              "icon1_1" : {
                "pauseImage" : "none",
                "frame" : {
                  "y" : "0",
                  "x" : "0",
                  "width" : "100",
                  "height" : "view_height"
                },
                "isAlbumArt" : "0",
                "contentMode" : "scaleAspectFit",
                "animation" : "none",
                "cornerRadius" : "0",
                "imageURL" : "backc.PNG",
                "type" : "UIImageView",
                "actions" : "none",
                "imageFolder" : "none"
              }
            },
            "blurAlpha" : "0",
            "cornerRadius" : "50",
            "type" : "UIView",
            "childorder" : "icon1_1",
            "rotate" : "0",
            "blurIntensity" : "10",
            "alpha" : ".2",
            "scale" : "0",
            "gradientImage" : "none",
            "borderColor" : "rgba(255,255,255,0)",
            "userInteraction" : "YES",
            "actions" : "prevTrack",
            "animation" : "none",
            "blurColor" : "dark"
          },
          "nextcontainer" : {
            "boxShadow" : {
              "y" : "3",
              "radius" : "3",
              "x" : "0",
              "color" : "rgba(0, 0, 0, 0.88)"
            },
            "frame" : {
              "y" : "25",
              "x" : "170",
              "width" : "100",
              "height" : "50"
            },
            "hideWhenPlaying" : "NO",
            "borderWidth" : "0",
            "backgroundColor" : "rgba(255, 255, 255, 0.00)",
            "showWhenPlaying" : "NO",
            "children" : {
              "icon1_2" : {
                "pauseImage" : "none",
                "frame" : {
                  "y" : "0",
                  "x" : "0",
                  "width" : "100",
                  "height" : "view_height"
                },
                "isAlbumArt" : "0",
                "contentMode" : "scaleAspectFit",
                "animation" : "none",
                "cornerRadius" : "0",
                "imageURL" : "nextc.PNG",
                "type" : "UIImageView",
                "actions" : "none",
                "imageFolder" : "none"
              }
            },
            "blurAlpha" : "0",
            "cornerRadius" : "50",
            "type" : "UIView",
            "childorder" : "icon1_2",
            "rotate" : "0",
            "blurIntensity" : "10",
            "alpha" : ".2",
            "scale" : "0",
            "gradientImage" : "none",
            "borderColor" : "rgba(255,255,255,0)",
            "userInteraction" : "YES",
            "actions" : "nextTrack",
            "animation" : "none",
            "blurColor" : "dark"
          }
        },
        "blurAlpha" : "0",
        "cornerRadius" : "0",
        "type" : "UIView",
        "childorder" : "title-artist,playcontainer,prevcontainer,nextcontainer,blur,elapsed,album art3,album_art,album art2",
        "rotate" : "0",
        "blurIntensity" : "10",
        "alpha" : "1",
        "scale" : "0",
        "gradientImage" : "none",
        "borderColor" : "rgba(0, 0, 0, 0.00)",
        "userInteraction" : "YES",
        "actions" : "none",
        "animation" : "none",
        "blurColor" : "dark"
      },
      "clockcontainer" : {
        "boxShadow" : {
          "y" : "3",
          "color" : "rgba(0,0,0,0)",
          "x" : "0",
          "radius" : "3"
        },
        "frame" : {
          "y" : "100",
          "x" : "center",
          "width" : "300",
          "height" : "200"
        },
        "hideWhenPlaying" : "NO",
        "borderWidth" : "0",
        "backgroundColor" : "rgba(255, 255, 255, 0.00)",
        "showWhenPlaying" : "NO",
        "children" : {
          "day" : {
            "borderColor" : "rgba(255,255,255,1)",
            "textStyle" : "none",
            "textAlignment" : "NSTextAlignmentCenter",
            "frame" : {
              "y" : "130",
              "x" : "75",
              "width" : "150",
              "height" : "40"
            },
            "kerning" : "0",
            "backgroundColor" : "rgba(255,255,255,0)",
            "dataAttr" : "none",
            "textColor" : "rgba(255,255,255,1.0)",
            "type" : "UILabel",
            "fontColorAttr" : "none",
            "numberOfLines" : "1",
            "data" : "[day]",
            "borderWidth" : "0",
            "gradientImage" : "none",
            "fontSizeAttr" : "none",
            "fontSize" : "20",
            "fontName" : "DosisBold.ttf",
            "textShadow" : {
              "y" : "3",
              "radius" : "3",
              "x" : "0",
              "color" : "rgba(0,0,0,0)"
            },
            "fontNameAttr" : "none"
          },
          "date" : {
            "borderColor" : "rgba(255,255,255,1)",
            "textStyle" : "none",
            "textAlignment" : "NSTextAlignmentCenter",
            "frame" : {
              "y" : "35",
              "x" : "75",
              "width" : "150",
              "height" : "40"
            },
            "kerning" : "0",
            "backgroundColor" : "rgba(255,255,255,0)",
            "dataAttr" : "none",
            "textColor" : "rgba(255,255,255,1.0)",
            "type" : "UILabel",
            "fontColorAttr" : "none",
            "numberOfLines" : "1",
            "data" : "[shortmonth] [date]",
            "borderWidth" : "0",
            "gradientImage" : "none",
            "fontSizeAttr" : "none",
            "fontSize" : "20",
            "fontName" : "Nunito-Bold.ttf",
            "textShadow" : {
              "y" : "3",
              "radius" : "3",
              "x" : "0",
              "color" : "rgba(0,0,0,0)"
            },
            "fontNameAttr" : "none"
          },
          "Time" : {
            "borderColor" : "rgba(255,255,255,1)",
            "textStyle" : "none",
            "textAlignment" : "NSTextAlignmentCenter",
            "frame" : {
              "y" : "center",
              "x" : "center",
              "width" : "screen_width",
              "height" : "150"
            },
            "kerning" : "0",
            "backgroundColor" : "rgba(255,255,255,0)",
            "dataAttr" : "none",
            "textColor" : "rgba(255,255,255,1.0)",
            "type" : "UILabel",
            "fontColorAttr" : "none",
            "numberOfLines" : "1",
            "data" : "[paddedhour]:[minute]",
            "borderWidth" : "0",
            "gradientImage" : "none",
            "fontSizeAttr" : "none",
            "fontSize" : "90",
            "fontName" : "DosisBold.ttf",
            "textShadow" : {
              "y" : "3",
              "color" : "rgba(0,0,0,0)",
              "x" : "0",
              "radius" : "3"
            },
            "fontNameAttr" : "none"
          }
        },
        "blurAlpha" : "0",
        "cornerRadius" : "5",
        "type" : "UIView",
        "childorder" : "day,date,Time",
        "rotate" : "0",
        "blurIntensity" : "10",
        "alpha" : "1",
        "scale" : "0",
        "gradientImage" : "none",
        "borderColor" : "rgba(255,255,255,0)",
        "userInteraction" : "YES",
        "actions" : "none",
        "animation" : "none",
        "blurColor" : "dark"
      }
    }
  }
}