{"Themes": {"Blur":{"img":"Blur.jpg","downloads":"[Blur.jpg,Blur.json,DosisBold.ttf,Nunito-Bold.ttf,backc.PNG,nextc.PNG,noartwork.png,none/weathericons,pausec.PNG,play.png]"},"LonerMedia":{"img":"LonerMedia.jpg","downloads":"[DosisBold.ttf,Green.png,LonerMedia.jpg,LonerMedia.json,Nunito-ExtraBold.ttf,Red.png,Yellow.png,backc.PNG,hbimg.png,nextc.PNG,none/weathericons,pausec.PNG,playc.PNG]"},"Music_Player":{"img":"Music_Player.jpg","downloads":"[Music_Player.jpg,Music_Player.json,gradient_img.png,next2.png,pause.png,play2.png,previous.png]"},"SpiffCentered":{"img":"SpiffCentered.jpg","downloads":"[IMG_0198.PNG,IMG_0200.PNG,IMG_0201.PNG,IMG_0202.PNG,SF-Pro.ttf,SpiffCentered.jpg,SpiffCentered.json,clima/weathericons,gradient_img.png,solid-color-image.png]"},}}
