{
  "PresetView" : {
    "frame" : {
      "y" : "0",
      "x" : "0",
      "width" : "screen_width",
      "height" : "screen_height",
      "userInteractionEnabled" : "NO"
    },
    "order" : [
      "Date",
      "time_label",
      "weather",
      "appshadow1",
      "appshadow2",
      "appshadow3",
      "button",
      "appdrawer",
      "app1",
      "app2",
      "app3",
      "music"
    ],
    "type" : "UIView",
    "children" : {
      "time_label" : {
        "borderColor" : "rgba(255, 255, 255, 0.00)",
        "textAlignment" : "NSTextAlignmentCenter",
        "frame" : {
          "y" : "200",
          "x" : "center",
          "width" : "screen_width",
          "height" : "120"
        },
        "backgroundColor" : "rgba(255,255,255,0)",
        "kerning" : 4,
        "dataAttr" : "none",
        "textColor" : "rgba(255, 255, 255, 0.60)",
        "type" : "UILabel",
        "numberOfLines" : "1",
        "data" : "[paddedhour]:[minute]",
        "borderWidth" : "0",
        "gradientImage" : "solid-color-image.png",
        "fontSizeAttr" : "none",
        "fontSize" : "110",
        "fontName" : "SF-Pro.ttf",
        "textShadow" : {
          "y" : "0",
          "radius" : "10",
          "x" : "0",
          "color" : "rgba(0, 0, 0, 1.00)"
        },
        "cornerRadius" : 0,
        "fontNameAttr" : "none"
      },
      "appdrawer" : {
        "boxShadow" : {
          "y" : "3",
          "radius" : "3",
          "x" : "0",
          "color" : "rgba(0,0,0,0)"
        },
        "frame" : {
          "y" : "730",
          "x" : "center",
          "width" : "375",
          "height" : "100"
        },
        "borderWidth" : "0",
        "backgroundColor" : "rgba(255, 255, 255, 0.00)",
        "showWhenPlaying" : "NO",
        "children" : {
          "weather_1" : {
            "boxShadow" : {
              "y" : "3",
              "radius" : "3",
              "x" : "0",
              "color" : "rgba(0,0,0,0)"
            },
            "frame" : {
              "y" : "center",
              "x" : "FR~",
              "width" : "70",
              "height" : "70"
            },
            "borderWidth" : "0",
            "backgroundColor" : "rgba(0, 0, 0, 0.30)",
            "showWhenPlaying" : "NO",
            "children" : {
              "icon" : {
                "frame" : {
                  "y" : "1",
                  "x" : "1",
                  "width" : "70",
                  "height" : "70"
                },
                "forecast" : "none",
                "type" : "WeatherIcon",
                "iconSet" : "clima"
              }
            },
            "blurAlpha" : "0",
            "childorder" : "icon",
            "type" : "UIView",
            "cornerRadius" : "35",
            "rotate" : "0",
            "blurIntensity" : "10",
            "alpha" : "1",
            "scale" : "0",
            "gradientImage" : "none",
            "borderColor" : "rgba(255,255,255,0)",
            "userInteraction" : "YES",
            "actions" : "none",
            "animation" : "none",
            "blurColor" : "dark2"
          },
          "animation" : {
            "boxShadow" : {
              "y" : "3",
              "radius" : "3",
              "x" : "0",
              "color" : "rgba(0,0,0,0)"
            },
            "frame" : {
              "y" : "0",
              "x" : "0",
              "width" : "300",
              "height" : "100"
            },
            "borderWidth" : "0",
            "backgroundColor" : "rgba(0, 0, 0, 0.30)",
            "showWhenPlaying" : "NO",
            "children" : {
              "container" : {
                "boxShadow" : {
                  "y" : "3",
                  "color" : "rgba(0,0,0,0)",
                  "x" : "0",
                  "radius" : "3"
                },
                "frame" : {
                  "y" : "15",
                  "x" : "center",
                  "width" : "255",
                  "height" : "100"
                },
                "borderWidth" : "0",
                "backgroundColor" : "rgba(255, 255, 255, 0.00)",
                "showWhenPlaying" : "NO",
                "children" : {
                  "app1_1" : {
                    "badgeImageY" : "0",
                    "badgeImageScale" : "1",
                    "scale" : "0",
                    "badgeImage" : "none",
                    "frame" : {
                      "y" : "0",
                      "x" : "0",
                      "width" : "60",
                      "height" : "60"
                    },
                    "badgeBGColor" : "rgba(255,0,0,1)",
                    "backgroundColor" : "rgba(255,255,255,0)",
                    "type" : "AppIcon",
                    "bundleID" : "com.google.ios.youtube",
                    "alpha" : "1",
                    "badgeTextColor" : "rgba(255,255,255,1)",
                    "badgeImageX" : "0",
                    "labelColor" : "rgba(255,255,255,1)"
                  },
                  "app4" : {
                    "badgeImageY" : "0",
                    "badgeImageScale" : "1",
                    "scale" : "0",
                    "badgeImage" : "none",
                    "frame" : {
                      "y" : "0",
                      "x" : "65",
                      "width" : "60",
                      "height" : "60"
                    },
                    "badgeBGColor" : "rgba(255,0,0,1)",
                    "backgroundColor" : "rgba(255, 255, 255, 0.00)",
                    "type" : "AppIcon",
                    "bundleID" : "com.apple.mobilesafari",
                    "alpha" : "1",
                    "badgeTextColor" : "rgba(255,255,255,1)",
                    "badgeImageX" : "0",
                    "labelColor" : "rgba(255,255,255,1)"
                  },
                  "app2_1" : {
                    "badgeImageY" : "0",
                    "badgeImageScale" : "1",
                    "scale" : "0",
                    "badgeImage" : "none",
                    "frame" : {
                      "y" : "0",
                      "x" : "130",
                      "width" : "60",
                      "height" : "60"
                    },
                    "badgeBGColor" : "rgba(255,0,0,1)",
                    "backgroundColor" : "rgba(255,255,255,0)",
                    "type" : "AppIcon",
                    "bundleID" : "com.tigisoftware.Filza",
                    "alpha" : "1",
                    "badgeTextColor" : "rgba(255,255,255,1)",
                    "badgeImageX" : "0",
                    "labelColor" : "rgba(255,255,255,1)"
                  },
                  "app3_1" : {
                    "badgeImageY" : "0",
                    "badgeImageScale" : "1",
                    "scale" : "0",
                    "badgeImage" : "none",
                    "frame" : {
                      "y" : "0",
                      "x" : "195",
                      "width" : "60",
                      "height" : "60"
                    },
                    "badgeBGColor" : "rgba(255,0,0,1)",
                    "backgroundColor" : "rgba(255,255,255,0)",
                    "type" : "AppIcon",
                    "bundleID" : "com.google.photos",
                    "alpha" : "1",
                    "badgeTextColor" : "rgba(255,255,255,1)",
                    "badgeImageX" : "0",
                    "labelColor" : "rgba(255,255,255,1)"
                  }
                },
                "blurAlpha" : "0",
                "cornerRadius" : "5",
                "type" : "UIView",
                "childorder" : "app1_1,app4,app2_1,app3_1",
                "rotate" : "0",
                "blurIntensity" : "10",
                "alpha" : "1",
                "scale" : "0",
                "gradientImage" : "none",
                "borderColor" : "rgba(255,255,255,0)",
                "userInteraction" : "YES",
                "actions" : "none",
                "animation" : "none",
                "blurColor" : "dark"
              }
            },
            "blurAlpha" : "0",
            "childorder" : "container",
            "type" : "UIView",
            "cornerRadius" : "50",
            "rotate" : "0",
            "blurIntensity" : "10",
            "alpha" : "1",
            "scale" : "0",
            "gradientImage" : "none",
            "borderColor" : "rgba(255,255,255,0)",
            "userInteraction" : "YES",
            "actions" : "none",
            "animation" : "none",
            "blurColor" : "dark2"
          }
        },
        "blurAlpha" : "0",
        "cornerRadius" : "5",
        "type" : "UIView",
        "childorder" : "weather_1,animation",
        "rotate" : "0",
        "blurIntensity" : "10",
        "alpha" : "0",
        "scale" : "0",
        "gradientImage" : "none",
        "borderColor" : "rgba(255,255,255,0)",
        "userInteraction" : "YES",
        "actions" : "",
        "animation" : "",
        "blurColor" : "dark"
      },
      "music" : {
        "userInteraction" : "YES",
        "scale" : "0",
        "borderColor" : "rgba(255,255,255,0)",
        "rotate" : "0",
        "actions" : "none",
        "frame" : {
          "y" : "350",
          "x" : "center",
          "width" : "200",
          "height" : "200"
        },
        "backgroundColor" : "rgba(0, 0, 0, 0.00)",
        "blurAlpha" : "1",
        "type" : "UIView",
        "animation" : "none",
        "gradientImage" : "none",
        "borderWidth" : "0",
        "alpha" : "1",
        "showWhenPlaying" : "NO",
        "children" : {
          "artist" : {
            "borderColor" : "rgba(255,255,255,1)",
            "textStyle" : "capitalize",
            "textAlignment" : "NSTextAlignmentLeft",
            "frame" : {
              "y" : "170",
              "x" : "10",
              "width" : "90",
              "height" : "19"
            },
            "kerning" : "0",
            "backgroundColor" : "rgba(255,255,255,0)",
            "dataAttr" : "none",
            "textColor" : "rgba(0, 0, 0, 0.44)",
            "type" : "UILabel",
            "fontColorAttr" : "none",
            "numberOfLines" : "1",
            "data" : "[musicArtist]",
            "borderWidth" : "0",
            "gradientImage" : "none",
            "fontSizeAttr" : "none",
            "fontSize" : "12",
            "fontName" : "Helvetica",
            "textShadow" : {
              "y" : "3",
              "radius" : "3",
              "x" : "0",
              "color" : "rgba(0,0,0,0)"
            },
            "fontNameAttr" : "none"
          },
          "AlbumArtHolder" : {
            "boxShadow" : {
              "y" : "3",
              "radius" : "3",
              "x" : "0",
              "color" : "rgba(0,0,0,0)"
            },
            "scale" : "0",
            "borderColor" : "rgba(255, 255, 255, 1.00)",
            "rotate" : "0",
            "actions" : "none",
            "frame" : {
              "y" : "0",
              "x" : "center",
              "width" : "200",
              "height" : "200"
            },
            "backgroundColor" : "rgba(255, 255, 255, 0.00)",
            "blurAlpha" : "0",
            "type" : "UIView",
            "animation" : "none",
            "gradientImage" : "none",
            "borderWidth" : "1",
            "alpha" : "1",
            "showWhenPlaying" : "NO",
            "children" : {
              "albumart" : {
                "pauseImage" : "none",
                "frame" : {
                  "y" : "0",
                  "x" : "0",
                  "width" : "view_width",
                  "height" : "view_height"
                },
                "isAlbumArt" : "yes",
                "contentMode" : "scaleAspectFit",
                "animation" : "none",
                "cornerRadius" : "0",
                "imageURL" : "neonimg.png",
                "type" : "UIImageView",
                "actions" : "none"
              }
            },
            "childorder" : "albumart",
            "cornerRadius" : "15",
            "blurColor" : "dark",
            "userInteraction" : "YES"
          },
          "nextHolder" : {
            "boxShadow" : {
              "y" : "3",
              "radius" : "3",
              "x" : "0",
              "color" : "rgba(0,0,0,0)"
            },
            "scale" : "0",
            "borderColor" : "rgba(255,255,255,0)",
            "rotate" : "0",
            "actions" : "nextTrack",
            "frame" : {
              "y" : "157",
              "x" : "165",
              "width" : "20",
              "height" : "30"
            },
            "backgroundColor" : "rgba(255, 255, 255, 0.00)",
            "blurAlpha" : "0",
            "type" : "UIView",
            "animation" : "none",
            "gradientImage" : "none",
            "borderWidth" : "0",
            "alpha" : "1",
            "showWhenPlaying" : "NO",
            "children" : {
              "nextButton" : {
                "pauseImage" : "none",
                "frame" : {
                  "y" : "0",
                  "x" : "0",
                  "width" : "view_width",
                  "height" : "view_height"
                },
                "isAlbumArt" : "0",
                "contentMode" : "scaleAspectFit",
                "animation" : "none",
                "cornerRadius" : "0",
                "imageURL" : "IMG_0202.PNG",
                "type" : "UIImageView",
                "actions" : "none"
              }
            },
            "childorder" : "nextButton",
            "cornerRadius" : "5",
            "blurColor" : "dark",
            "userInteraction" : "YES"
          },
          "title" : {
            "borderColor" : "rgba(255,255,255,1)",
            "textStyle" : "capitalize",
            "textAlignment" : "NSTextAlignmentLeft",
            "frame" : {
              "y" : "150",
              "x" : "10",
              "width" : "90",
              "height" : "18"
            },
            "kerning" : "0",
            "backgroundColor" : "rgba(255,255,255,0)",
            "dataAttr" : "none",
            "textColor" : "rgba(255, 255, 255, 0.72)",
            "type" : "UILabel",
            "fontColorAttr" : "none",
            "numberOfLines" : "1",
            "data" : "[musicTitle]",
            "borderWidth" : "0",
            "gradientImage" : "none",
            "fontSizeAttr" : "none",
            "fontSize" : "13",
            "fontName" : "Helvetica",
            "textShadow" : {
              "y" : "3",
              "radius" : "3",
              "x" : "0",
              "color" : "rgba(0,0,0,0)"
            },
            "fontNameAttr" : "none"
          },
          "gradient" : {
            "userInteraction" : "YES",
            "scale" : "0",
            "borderColor" : "rgba(255, 255, 255, 0.00)",
            "rotate" : "0",
            "actions" : "none",
            "frame" : {
              "y" : "0",
              "x" : "0",
              "width" : "300",
              "height" : "300"
            },
            "backgroundColor" : "rgba(255, 255, 255, 1.00)",
            "blurAlpha" : ".5",
            "type" : "UIView",
            "animation" : "none",
            "gradientImage" : "",
            "borderWidth" : "1",
            "alpha" : "1",
            "showWhenPlaying" : "NO",
            "children" : {
              "albumart_1" : {
                "pauseImage" : "none",
                "frame" : {
                  "y" : "0",
                  "x" : "0",
                  "width" : "view_width",
                  "height" : "view_height"
                },
                "isAlbumArt" : "0",
                "contentMode" : "scaleAspectFit",
                "animation" : "none",
                "cornerRadius" : "0",
                "imageURL" : "gradient_img.png",
                "type" : "UIImageView",
                "actions" : "none"
              }
            },
            "boxShadow" : {
              "y" : "3",
              "radius" : "3",
              "x" : "0",
              "color" : "rgba(0,0,0,0)"
            },
            "childorder" : "albumart_1",
            "cornerRadius" : "15",
            "blurColor" : "dark"
          },
          "playHolder" : {
            "boxShadow" : {
              "y" : "3",
              "radius" : "3",
              "x" : "0",
              "color" : "rgba(0,0,0,0)"
            },
            "scale" : "0",
            "borderColor" : "rgba(255,255,255,0)",
            "rotate" : "0",
            "actions" : "playMusic",
            "frame" : {
              "y" : "150",
              "x" : "128",
              "width" : "30",
              "height" : "45"
            },
            "backgroundColor" : "rgba(255, 255, 255, 0.00)",
            "blurAlpha" : "0",
            "type" : "UIView",
            "animation" : "none",
            "gradientImage" : "none",
            "borderWidth" : "0",
            "alpha" : "1",
            "showWhenPlaying" : "NO",
            "children" : {
              "playButton" : {
                "pauseImage" : "IMG_0201.PNG",
                "frame" : {
                  "y" : "0",
                  "x" : "0",
                  "width" : "view_width",
                  "height" : "view_height"
                },
                "isAlbumArt" : "0",
                "contentMode" : "scaleAspectFit",
                "animation" : "none",
                "cornerRadius" : "0",
                "imageURL" : "IMG_0200.PNG",
                "type" : "UIImageView",
                "actions" : "none"
              }
            },
            "childorder" : "playButton",
            "cornerRadius" : "5",
            "blurColor" : "dark",
            "userInteraction" : "YES"
          },
          "prevHolder" : {
            "boxShadow" : {
              "y" : "3",
              "radius" : "3",
              "x" : "0",
              "color" : "rgba(0,0,0,0)"
            },
            "scale" : "0",
            "borderColor" : "rgba(255,255,255,0)",
            "rotate" : "0",
            "actions" : "prevTrack",
            "frame" : {
              "y" : "157",
              "x" : "100",
              "width" : "20",
              "height" : "30"
            },
            "backgroundColor" : "rgba(255, 255, 255, 0.00)",
            "blurAlpha" : "0",
            "type" : "UIView",
            "animation" : "none",
            "gradientImage" : "none",
            "borderWidth" : "0",
            "alpha" : "1",
            "showWhenPlaying" : "NO",
            "children" : {
              "nextButton_1" : {
                "pauseImage" : "none",
                "frame" : {
                  "y" : "0",
                  "x" : "0",
                  "width" : "view_width",
                  "height" : "view_height"
                },
                "isAlbumArt" : "0",
                "contentMode" : "scaleAspectFit",
                "animation" : "none",
                "cornerRadius" : "0",
                "imageURL" : "IMG_0198.PNG",
                "type" : "UIImageView",
                "actions" : "none"
              }
            },
            "childorder" : "nextButton_1",
            "cornerRadius" : "5",
            "blurColor" : "dark",
            "userInteraction" : "YES"
          },
          "TimeElapsed" : {
            "gradientImage" : "none",
            "frame" : {
              "y" : "-5",
              "x" : "0",
              "width" : "200",
              "height" : "15"
            },
            "backColor" : "rgba(0, 0, 0, 0.00)",
            "type" : "ElapsedBar",
            "innerColor" : "rgba(0, 0, 0, 1.00)",
            "radius" : "5"
          }
        },
        "childorder" : "artist,nextHolder,title,playHolder,prevHolder,gradient,TimeElapsed,AlbumArtHolder",
        "boxShadow" : {
          "y" : "3",
          "radius" : "3",
          "x" : "0",
          "color" : "rgba(0,0,0,0)"
        },
        "cornerRadius" : "15",
        "blurColor" : "dark"
      },
      "app3" : {
        "badgeImageY" : "0",
        "badgeImageScale" : "1",
        "scale" : ".80",
        "badgeImageX" : "0",
        "frame" : {
          "y" : "738",
          "x" : "230",
          "width" : "60",
          "height" : "60"
        },
        "badgeBGColor" : "rgba(255,0,0,1)",
        "backgroundColor" : "rgba(255,255,255,0)",
        "type" : "AppIcon",
        "bundleID" : "org.coolstar.SileoStore",
        "alpha" : "1",
        "badgeTextColor" : "rgba(255,255,255,1)",
        "labelColor" : "rgba(255,255,255,0)",
        "badgeImage" : "none"
      },
      "appshadow1" : {
        "cornerRadius" : "25",
        "borderColor" : "rgba(255,255,255,0)",
        "scale" : "0",
        "rotate" : "0",
        "actions" : "none",
        "frame" : {
          "y" : "745",
          "x" : "106",
          "width" : "50",
          "height" : "50"
        },
        "backgroundColor" : "rgba(0, 0, 0, 0.30)",
        "blurAlpha" : "0",
        "type" : "UIView",
        "animation" : "none",
        "gradientImage" : "none",
        "borderWidth" : "0",
        "blurIntensity" : "10",
        "alpha" : "1",
        "showWhenPlaying" : "NO",
        "childorder" : "none",
        "boxShadow" : {
          "y" : "5",
          "color" : "rgba(0, 0, 0, 1.00)",
          "x" : "5",
          "radius" : "25"
        },
        "blurColor" : "dark",
        "userInteraction" : "YES"
      },
      "appshadow3" : {
        "cornerRadius" : "25",
        "borderColor" : "rgba(255,255,255,0)",
        "scale" : "0",
        "rotate" : "0",
        "actions" : "none",
        "frame" : {
          "y" : "745",
          "x" : "236",
          "width" : "50",
          "height" : "50"
        },
        "backgroundColor" : "rgba(0, 0, 0, 0.30)",
        "blurAlpha" : "0",
        "type" : "UIView",
        "animation" : "none",
        "gradientImage" : "none",
        "borderWidth" : "0",
        "blurIntensity" : "10",
        "alpha" : "1",
        "showWhenPlaying" : "NO",
        "childorder" : "none",
        "boxShadow" : {
          "y" : "5",
          "color" : "rgba(0, 0, 0, 1.00)",
          "x" : "5",
          "radius" : "25"
        },
        "blurColor" : "dark",
        "userInteraction" : "YES"
      },
      "button" : {
        "userInteraction" : "YES",
        "borderColor" : "rgba(255,255,255,0)",
        "scale" : "0",
        "rotate" : "0",
        "actions" : "animation",
        "frame" : {
          "y" : "570",
          "x" : "center",
          "width" : "screen_width",
          "height" : "160"
        },
        "backgroundColor" : "rgba(255, 255, 255, 0.00)",
        "blurAlpha" : "0",
        "type" : "UIView",
        "animation" : {
          "appdrawer" : "{toggle:yes,y:610,alpha:1}"
        },
        "gradientImage" : "none",
        "borderWidth" : "0",
        "blurIntensity" : "10",
        "alpha" : "1",
        "showWhenPlaying" : "NO",
        "boxShadow" : {
          "y" : "3",
          "radius" : "3",
          "x" : "0",
          "color" : "rgba(0,0,0,0)"
        },
        "childorder" : "none",
        "blurColor" : "dark",
        "cornerRadius" : "5"
      },
      "app2" : {
        "badgeImageY" : "0",
        "badgeImageScale" : "1",
        "scale" : ".80",
        "badgeImageX" : "0",
        "frame" : {
          "y" : "738",
          "x" : "165",
          "width" : "60",
          "height" : "60"
        },
        "badgeBGColor" : "rgba(255,0,0,1)",
        "backgroundColor" : "rgba(255,255,255,0)",
        "type" : "AppIcon",
        "bundleID" : "com.google.ios.youtube",
        "alpha" : "1",
        "badgeTextColor" : "rgba(255,255,255,1)",
        "labelColor" : "rgba(255,255,255,0)",
        "badgeImage" : "none"
      },
      "weather" : {
        "borderColor" : "rgba(255,255,255,1)",
        "textStyle" : "none",
        "textAlignment" : "NSTextAlignmentCenter",
        "frame" : {
          "y" : "300",
          "x" : "-5",
          "width" : "screen_width",
          "height" : "40"
        },
        "kerning" : "0",
        "backgroundColor" : "rgba(255,255,255,0)",
        "dataAttr" : "none",
        "textColor" : "rgba(102, 188, 219, 1.00)",
        "type" : "UILabel",
        "fontColorAttr" : "none",
        "numberOfLines" : "1",
        "data" : "[day] [temperature]",
        "borderWidth" : "0",
        "gradientImage" : "none",
        "fontSizeAttr" : "none",
        "fontSize" : "20",
        "fontName" : "Futura-Bold",
        "textShadow" : {
          "y" : "0",
          "radius" : "3",
          "x" : "0",
          "color" : "rgba(0, 0, 0, 1.00)"
        },
        "fontNameAttr" : "none"
      },
      "app1" : {
        "badgeImageY" : "0",
        "badgeImageScale" : "1",
        "scale" : ".80",
        "badgeImageX" : "0",
        "frame" : {
          "y" : "738",
          "x" : "100",
          "width" : "60",
          "height" : "60"
        },
        "badgeBGColor" : "rgba(255,0,0,1)",
        "backgroundColor" : "rgba(255,255,255,0)",
        "type" : "AppIcon",
        "bundleID" : "com.apple.mobilesafari",
        "alpha" : "1",
        "badgeTextColor" : "rgba(255,255,255,1)",
        "labelColor" : "rgba(255,255,255,0)",
        "badgeImage" : "none"
      },
      "Date" : {
        "borderColor" : "rgba(255,255,255,1)",
        "textStyle" : "none",
        "textAlignment" : "NSTextAlignmentCenter",
        "frame" : {
          "y" : "175",
          "x" : "center",
          "width" : "150",
          "height" : "40"
        },
        "kerning" : "0",
        "backgroundColor" : "rgba(255,255,255,0)",
        "dataAttr" : "none",
        "textColor" : "rgba(255, 255, 255, 1.00)",
        "type" : "UILabel",
        "fontColorAttr" : "rgba(255, 255, 0, 0.00)",
        "numberOfLines" : "1",
        "data" : "[month] [dateordinal]",
        "borderWidth" : "0",
        "gradientImage" : "solid-color-image.png",
        "fontSizeAttr" : "none",
        "fontSize" : "20",
        "fontName" : "Arial-BoldMT",
        "textShadow" : {
          "y" : "0",
          "radius" : "5",
          "x" : "0",
          "color" : "rgba(0, 0, 0, 1.00)"
        },
        "fontNameAttr" : "none"
      },
      "appshadow2" : {
        "cornerRadius" : "25",
        "borderColor" : "rgba(255,255,255,0)",
        "scale" : "0",
        "rotate" : "0",
        "actions" : "none",
        "frame" : {
          "y" : "745",
          "x" : "171",
          "width" : "50",
          "height" : "50"
        },
        "backgroundColor" : "rgba(0, 0, 0, 0.30)",
        "blurAlpha" : "0",
        "type" : "UIView",
        "animation" : "none",
        "gradientImage" : "none",
        "borderWidth" : "0",
        "blurIntensity" : "10",
        "alpha" : "1",
        "showWhenPlaying" : "NO",
        "childorder" : "none",
        "boxShadow" : {
          "y" : "5",
          "color" : "rgba(0, 0, 0, 1.00)",
          "x" : "5",
          "radius" : "25"
        },
        "blurColor" : "dark",
        "userInteraction" : "YES"
      }
    }
  }
}